samsuahai@gmail|Samu7900|Huongsamsuahai@yahoo|
hcopoai@gmail|Paoi7543|Huonghcopoai@yahoo|
kibaocap@gmail|Kiba2154|Huongkibaocap@yahoo|
khieuduomt@gmail|Quop3289|Huongkhieuduomt@yahoo|
phoncosung536@gmail|Troi6484|Huongphoncosung536@yahoo|
nghienxitnghuc@gmail|Phen3213|Huongnghienxitnghuc@yahoo|